Name,Type,Downloads
Kenyon College,Education,1936
Chinese Academy of Social Sciences,Education,49
Stanford University,Education,42
University of Maryland,Education,28
Taiwan Academic Network,Education,27
Stichting Duwo,Commercial,22
New York University,Education,22
University of Florida,Education,20
University of Arizona,Education,19
Aalto University,Education,19
Universiteit van Amsterdam,Education,17
Moec,Government,17
Oxford University,Education,17
Princeton University,Education,16
Fundacao Para a Ciencia e a Tecnologia I.P.,Government,15
Columbia University,Education,15
University of California Los Angeles,Education,15
NUS,Education,15
Carnegie Mellon University,Education,15
University of Warwick,Education,15
NTU,Education,14
The University of Edinburgh,Education,14
University of North Carolina at Chapel Hill,Education,13
City University of Hong Kong,Education,13
The University of Melbourne,Education,13
China Education and Research Network,Education,13
University of Toronto,Education,13
University of California at Berkeley,Education,13
Ohio State University,Education,13
University of Wisconsin Madison,Education,13
University of Washington,Education,12
Massachusetts Institute of Technology,Education,12
The University of Hong Kong,Education,12
University of Pennsylvania,Education,12
Amazon Corporate LLC,Commercial,11
Brown University,Education,11
University of California Santa Barbara,Education,11
Montgomery County Public Schools,Education,11
Georgia Department of Education,Education,10
Rice University,Education,10
University of Notre Dame,Education,10
University of North Texas,Education,10
Oakland Schools,Education,10
University of Wollongong,Education,10
Erasmus Universiteit Rotterdam,Education,10
Fastbee Argentina S.A.,Commercial,10
Yale University,Education,10
Duke University,Education,10
Brigham Young University,Education,10
University of Durham,Education,10
The Pennsylvania State University,Education,9
University of California San Diego,Education,9
University of California Irvine,Education,9
Denison University,Education,9
Claremont University Consortium,Education,9
Universiteit Utrecht,Education,9
University of Mary Washington,Education,9
Korean Education Network,Education,9
Crowne Plaza Dallas,Commercial,9
University of Michigan,Education,9
Northeastern University,Education,9
University of Cambridge,Education,9
Seoul National University,Education,9
University of British Columbia,Education,8
University of Southern California,Education,8
Harvard University,Education,8
Northwestern University,Education,8
"King's College London",Education,8
Imperial College London,Education,8
Norwegian University of Science and Technology,Education,8
Education Service Center Region,Education,8
Korea University,Education,8
Korea Advanced Institute of Science and Technology,Education,8
The Hong Kong Polytechnic University,Education,8
Universitaire Instelling Antwerpen - Campus Net,Education,8
Celanese International Corporation,Commercial,8
Hochschule Rheinmain University of Applied Sciences Wiesbaden Ruesselsheim Geisenheim,Education,8
University of Mount Olive,Education,8
The University of Manchester,Education,8
Deutsche Glasfaser Wholesale GmbH,Commercial,8
Georgia Institute of Technology,Education,8
University College Dublin,Education,8
University of Oregon,Education,8
University of Illinois,Education,7
University of Virginia,Education,7
Technische Universitaet Dortmund,Education,7
London Grid for Learning Trust,Education,7
Ministry of Education Computer Center,Education,7
Monash University,Education,7
Consortium GARR,Education,7
T-Mobile Netherlands B.V.,Commercial,7
University of Oxford,Education,7
Technische Universiteit Eindhoven,Education,7
Danmarks Tekniske Universitet,Education,7
The Bloomsbury Computing Consortium,Education,7
Gottfried Wilhelm Leibniz Universitaet Hannover,Education,6
University of Southampton,Education,6
University of Leeds,Education,6
Indian Institute of Technology Kharagpur India,Education,6
York University,Education,6
Universiteit Maastricht,Education,6
Orange County Public Schools,Education,6
Northwest Regional ESD,Education,6
"Saint John's University - College of Saint Benedict",Education,6
Oracle Corporation,Commercial,6
University of Newcastle Australia - Callaghan Campus,Education,6
Durham College of Applied Arts and Technology,Education,6
Silicon Graphics International Corp.,Commercial,6
Yeungnam University,Education,6
Boston College,Education,6
University of Bath,Education,6
Universite Libre de Bruxelles,Education,6
Intinform Ltd.,Commercial,6
Muhlenberg College,Education,6
"ecoles des Mines d'Ales - Site Nimes",Commercial,6
Luch LLC,Commercial,6
"Universita' degli Studi di Genova",Commercial,6
Research Organization of Information and Systems National Institute of Informatics,Education,6
Queensland University of Technology,Education,6
Aofei Data International Company Limited,Commercial,6
EMV Internet Consultants SRL,Commercial,6
Simon Fraser University,Education,6
Clark County School District,Education,6
Macomb Intermediate School District,Education,6
State University of New York at Stony Brook,Education,5
Intel Corporation,Commercial,5
Florida State University,Education,5
Universitaet zu Koeln,Education,5
California State University Office of the Chancellor,Education,5
Universidade Estadual Paulista,Education,5
University of Georgia,Education,5
University of Iowa,Education,5
Emory University,Education,5
University of Illinois at Chicago,Education,5
Dartmouth College,Education,5
Liverpool John Moores University,Education,5
Boston University,Education,5
University of South Carolina,Education,5
University of Alberta,Education,5
DePaul University,Education,5
University of Maryland Baltimore County,Education,5
University of Connecticut,Education,5
Birmingham-Southern College,Education,5
Universitaet Bremen,Education,5
Kent Intermediate School District,Education,5
University of Liverpool,Education,5
Univer,Commercial,5
University of Technology Sydney,Education,5
Symantec Corporation,Commercial,5
University of Exeter,Education,5
University of Sydney,Education,5
University of Adelaide,Education,5
Stowe Access LLC,Commercial,5
CNA - Catholic Education Network,Organization,5
Microsoft Singapore Pte. Ltd.,Commercial,5
Hogeschool van Utrecht,Commercial,5
Zhejiang University,Education,5
RWTH Aachen University,Education,5
Microsoft Limited,Commercial,5
Kate Spade & Company,Commercial,5
Radboud Universiteit Nijmegen,Education,5
Celestica International Inc,Commercial,5
Rijksuniversiteit Groningen,Education,5
Friedrich-Alexander-Universitaet Erlangen-Nuernberg,Education,5
Bhartiya Net,Commercial,5
Alibaba.com Singapore E-Commerce Private Limited,Commercial,5
Datadigest B.V.,Commercial,5
Icon Ltd,Commercial,5
SamsungSDS Inc.,Commercial,5
Cluster Logic Inc,Commercial,5
Hewlett Packard Enterprise Company,Commercial,5
Carlos Paz Television SA,Commercial,5
Hero MotoCorp Ltd,Commercial,5
Cypress Fairbanks ISD,Commercial,5
Eastern University,Education,5
University of Nebraska-Lincoln,Education,5
University of Surrey,Education,5
University of Texas at Austin,Education,4
Rheinische Friedrich-Wilhelms-Universitaet Bonn,Education,4
University of Pittsburgh,Education,4
Delft University of Technology Network,Education,4
Temple University,Education,4
University of Sheffield,Education,4
Texas A&M University,Education,4
George Mason University,Education,4
Cornell University,Education,4
University of Kansas,Education,4
Drexel University,Education,4
Concordia University,Education,4
University of Missouri - DBA the Missouri Research and Education Network,Education,4
University of Chicago,Education,4
University of New South Wales,Education,4
The George Washington University,Education,4
The University of Memphis,Education,4
North Carolina Research and Education Network,Education,4
Rutgers University,Education,4
Oberlin College,Education,4
University of Rhode Island,Education,4
Universitaet Mannheim,Education,4
University of Newcastle upon Tyne,Education,4
Bank of America,Commercial,4
Syracuse University,Education,4
University of Guelph,Education,4
University of Delaware,Education,4
University of Tennessee,Education,4
Goldsmiths University of London,Education,4
Northwest Ohio Area Computer Services Cooperative,Organization,4
City of Philadelphia,Government,4
North Carolina State University,Education,4
Research Network University of Ghent,Education,4
University of Hawaii,Education,4
Consorci de Serveis Universitaris de Catalunya,Education,4
Bryant University,Education,4
Bowdoin College,Education,4
Lincoln Public Schools,Education,4
Reed College,Education,4
University of Northumbria at Newcastle,Education,4
Sungkyunkwan University,Education,4
Carleton College,Education,4
Johann Wolfgang Goethe-Universitaet Frankfurt,Education,4
Universitaet Stuttgart,Education,4
McMaster University,Education,4
Freie Universitaet Berlin,Education,4
"St. John's College",Education,4
Santa Clara University,Education,4
University of Wisconsin - Stout,Education,4
University of Cincinnati,Education,4
University of Utah,Education,4
Old Dominion University,Education,4
Starbucks Coffee Company,Commercial,4
CIS,Commercial,4
University of Bristol,Education,4
Colorado College,Education,4
Royal Melbourne Institute of Technology,Education,4
Maebashi Institute of Technology,Organization,4
Chulal,Education,4
Colby College,Education,4
Anna University Chennai,Education,4
Karlsruhe Institute of Technology,Education,4
Universite de Savoie,Education,4
Routit,Commercial,4
Uxbridge College,Education,4
Stiftelsen Chalmers Studenthem,Commercial,4
Wayne County Regional EducationalService Agency,Education,4
Embry-Riddle Aeronautical University - Daytona Beach,Education,4
"Xi'an JiaoTong University",Education,4
CNRST,Commercial,4
Koc Universitesi - NCC,Education,4
Yellow Transportation Inc.,Commercial,4
Bezek,Commercial,4
Bandanet Comercio e Informat Ica Ltda - EPP,Commercial,4
SC GMB Computers SRL,Commercial,4
Genessee Community College,Education,4
Companhia Nacional de Abastecimento,Government,4
Route,Commercial,4
Westfaelische Wilhelms-Universitaet Ziv,Education,4
Fondation RESTENA,Organization,4
Leuphana Universitaet Lueneburg,Education,4
Friedrich Schiller Universitaet Jena,Education,4
Kviknet.dk ApS,Commercial,4
SSHN - Telemann Nijmegen,Commercial,4
GWDG,Education,4
Shenzhen Esin Technology Co. Ltd,Commercial,4
Frederick County Public Schools,Education,4
RSAWEB (Pty) Ltd,Commercial,4
Zhejiang College of Shanghai University of Finance and Economics,Education,4
Funpar - Fundacao da UFPR Para O DCTC,Education,4
Dublin City University,Education,4
Williams College,Education,4
Technische Universitaet Ilmenau,Education,4
Rmit International University Vietnam,Education,4
Openwave Messaging,Commercial,4
Rensselaer Hartford Graduate Center Inc.,Education,4
Vetenskapsradet / SUNET,Education,4
HEAnet,Education,4
Middletown City School District,Education,4
Indiana University,Education,4
Portland Public Schools,Education,4
University College London,Education,3
Texas A&M University Corpus Christi,Education,3
University of Minnesota,Education,3
Technische Universitaet Dresden,Education,3
Virginia Polytechnic Institute and State Univ.,Education,3
Northern Arizona University,Education,3
JPMorgan Chase & Co.,Commercial,3
McGill University,Education,3
Ludwig-Maximilians-Universitaet Muenchen,Education,3
Texas Tech University,Education,3
Universiteit van Tilburg,Education,3
Virginia Commonwealth University,Education,3
University of Waterloo,Education,3
University of Central Florida,Education,3
Michigan State University,Education,3
The Goldman Sachs Group Inc.,Commercial,3
University of Cape Town,Education,3
University of Colorado,Education,3
University of Miami,Education,3
University of Ottawa,Education,3
University of Calgary,Education,3
University of Massachusetts,Education,3
Fashion Institute of Technology,Education,3
University of Wisconsin - Milwaukee,Education,3
University of Saskatchewan,Education,3
Oregon State University,Education,3
University of California Santa Cruz,Education,3
Washington School Information Processing Cooperative,Education,3
University of Texas at San Antonio,Education,3
IVYTech Community College of Indiana,Education,3
"Queen's University",Education,3
Montclair State University,Education,3
The University of St. Andrews,Education,3
Johannes Gutenberg-Universitaet Mainz,Education,3
Universitaet Hamburg Campus Net,Education,3
Bryn Mawr College,Education,3
Dongseo University,Education,3
Florida Information Resource Network,Education,3
Louisiana Board of Regents/Louisiana Optical Network Initiative,Education,3
Linkoping University,Education,3
Universitaet Augsburg,Education,3
Vassar College,Education,3
Leiden University,Education,3
University of New Orleans,Education,3
University of York,Education,3
Universidade Federal do Para,Education,3
Indian Institute of Technology Kanpur,Education,3
Bogazici University,Education,3
Loughborough University,Education,3
Victoria University of Wellington,Education,3
WU (Wirtschaftsuniversitaet Wien) - Vienna University of Economics and Business,Education,3
Fujitsu Services Ltd.,Commercial,3
Universiti Sains Malaysia Penang Malaysia,Education,3
Kyung Hee University,Education,3
Lanka Education and Research Network,Education,3
Pusan National University,Education,3
Hong Kong University of Science and Technology,Education,3
Chung-Ang University,Education,3
Universitaet Wuerzburg,Education,3
Nanjing University,Education,3
Keio University,Education,3
Shanghai University,Education,3
Sogang University,Education,3
The Chinese University of Hong Kong,Education,3
National Academy of Sciences of Belarus,Commercial,3
"Universita' Ca' Foscari - Venezia",Education,3
National Academic Network and Information Center,Education,3
Universitaet Bayreuth,Education,3
Secundrabad Zone,Commercial,3
Universitaet Rostock,Education,3
De Montfort University,Education,3
Suleyman Demirel,Education,3
Preston College,Education,3
"Universita' degli Studi di Pisa",Education,3
Hogeschool Van Amsterdam,Education,3
Universitatea Babes-Bolyai Cluj-Napoca,Commercial,3
Lloyds Banking Group PLC,Commercial,3
Escp Europe,Education,3
Palo Alto Networks Inc,Commercial,3
The Associated Press,Organization,3
Universidad Anahuac,Education,3
National Instruments Corporation,Commercial,3
KBS Group,Commercial,3
Colorado State University,Education,3
Md. Emdadul Hoque,Commercial,3
Dokkyo Medical University,Education,3
Turkiye ve Orta Dogu Amme Idaresi Enstitusu,Government,3
KISTI,Government,3
Rogers Cable Inc. BAAL,Commercial,3
Testamerica Laboratories Inc.,Commercial,3
TTNET s.r.o.,Commercial,3
Wageningen Universiteit,Education,3
Inorpel Ind. Nordestina de Prod. Eletricos Ltda.,Commercial,3
McNet Servicos de Comunicacoes Ltda,Commercial,3
Telecom-Birzha LLC,Commercial,3
NGBN IP Pool,Commercial,3
Deutscher Bundestag,Commercial,3
Orange Romania,Commercial,3
KeyPath LLC,Commercial,3
Nederland ISD,Commercial,3
CEGEP de Baie-Comeau,Commercial,3
Dhakacom Limited,Commercial,3
Telnet Sistemas e Comunicacoes,Commercial,3
Masarykova univerzita - Ustav vypocetni techniky,Education,3
Kolokacije,Commercial,3
Exelion LLC.,Commercial,3
X Integration Pty Ltd,Commercial,3
Public Net at CMTS04-E,Commercial,3
Broward County School Board,Education,3
Brunel University London,Education,3
Xavier University of la,Education,3
OpenStack Ltd,Commercial,3
Istanbul Teknik Universitesi,Education,3
InterTECH Corp,Commercial,3
Delta Centric LLC,Commercial,3
"Universita' degli Studi di Roma La Sapienza",Education,3
Phoenix Technologies Ltd.,Commercial,3
Unit A1 7/F Cheuk Nang Plaza 250 Hennessy Road Wanchai,Commercial,3
Direct Plus,Commercial,3
OpenFiber B.V.,Commercial,3
Nitin Networks,Commercial,3
Beijing Wish Network Technology Co. Ltd.,Commercial,3
The Executive Centre Hong Kong Ltd,Commercial,3
Hainan Huirongji Investment Limited,Commercial,3
Leeds Beckett University,Education,3
Universitaet Zuerich,Education,3
Agis,Commercial,3
West Chester University of Pennsylvania,Education,3
Intel China Ltd,Commercial,3
Sarasota County Schools,Education,3
Fastway Surya Network Private Limited,Commercial,3
CMTS IP Pool,Commercial,3
OpenServ IPC National,Commercial,3
Digital Euronetwork SRL,Commercial,3
IIT Hyderabad,Education,3
Rajasthan Entertainment Pvt Ltd,Commercial,3
Us Los Angeles IP Address,Commercial,3
Encircle Exports India Baroda,Commercial,3
Newrui Limited,Commercial,3
Ddnet Solutions SRL,Commercial,3
National Infrastructures for Research and Technology S.A.,Education,3
"Nara Women's University",Education,3
Nevada System of Higher Education,Education,2
Los Angeles County Office of Education,Education,2
Universidade de Sao Paulo,Education,2
Western Michigan University,Education,2
Department of Education,Government,2
State of Tennessee Department of Education,Education,2
Kent State University,Education,2
University of Kentucky,Education,2
University of Mississippi,Education,2
Illinois State University,Education,2
University of South Florida,Education,2
Pace University,Education,2
West Virginia University,Education,2
Universiteit Twente,Education,2
Ohio Public Library Information Network,Library,2
Baylor University,Education,2
Trinity College Dublin,Education,2
California State University Northridge,Education,2
American University,Education,2
Edgewood College,Education,2
University of Nevada Reno,Education,2
Pogliotti & Pogliotti Construcciones S.A.,Commercial,2
Pacific Northwest National Laboratory,Government,2
University of North Florida,Education,2
University of East Anglia,Education,2
Coventry University,Education,2
Texas State University - San Marcos,Education,2
State of Maryland,Government,2
Northern Illinois University,Education,2
University of Glasgow,Education,2
Servpac Inc.,Commercial,2
Hofstra University,Education,2
University of South Alabama,Education,2
Washington University,Education,2
Portland State University,Education,2
Mount Sinai School of Medicine,Education,2
Tulane University,Education,2
University of Louisiana at Lafayette,Education,2
Louisiana Tech University,Education,2
Longwood Medical and Academic Area,Education,2
University at Albany State University of New York,Education,2
Universitaet Des Saarlandes Saarbruecken,Education,2
Miami University,Education,2
Frisco Independent School District,Education,2
Mount Holyoke College,Education,2
Chapman University,Education,2
SUNY College at New Paltz,Education,2
Bilkent University,Education,2
San Jose State University,Education,2
University of Tokyo,Education,2
Charles University,Education,2
Universiti Teknologi MARA,Education,2
Lynchburg College,Education,2
Denver Public Schools,Education,2
Wellesley College,Education,2
OTIS; Office of Telecommunications,Government,2
Kyiv National Taras Shevchenko University,Education,2
The College of New Jersey,Education,2
The George Brown College of Applied Arts and Technology,Education,2
Pe3ny Net s.r.o.,Commercial,2
University of Richmond,Education,2
Pern-Pakistan Education & Research Network is an,Library,2
Bergen University Norway,Education,2
Salem-Keizer Public Schools,Organization,2
Ohio University,Education,2
TBC,Commercial,2
Capital Area Intermediate Unit,Education,2
York College of Pennsylvania,Education,2
University of Wolverhampton,Education,2
Hunter College,Education,2
University of Canterbury,Education,2
University of the Pacific,Education,2
Skidmore College,Education,2
Lund University,Education,2
Widener University,Education,2
Conroe Independent School District,Education,2
Contra Costa County Office of Education,Education,2
Auckland College of Education,Education,2
Hacettepe University,Education,2
The University of Birmingham,Education,2
Shawnee State University,Education,2
Wake Forest University,Education,2
Liverpool Hope University,Education,2
Elon University,Education,2
Juniata College,Education,2
Mesa School District,Education,2
Albert-Ludwigs-Universitaet Freiburg,Education,2
University of Alabama,Education,2
"Universita' degli Studi di Padova",Education,2
Katholieke Universiteit Leuven,Education,2
Babson College,Education,2
Accenture LLP,Commercial,2
Lawrence University,Education,2
Tennessee Technological University,Education,2
Government Shared Network,Government,2
Nortech,Organization,2
Colorado School of Mines,Education,2
University of Warsaw,Education,2
Marbella,Commercial,2
CUHK,Education,2
Silesian University of Technology Computer Centre,Education,2
Victor,Education,2
Utrecht University,Education,2
Technische Universitaet Berlin Informatik,Education,2
Universidad Complutense de Madrid,Education,2
Southeast University,Education,2
American University of Sharjah,Education,2
Crystal Automation Systems Inc,Commercial,2
Universidad de Salamanca,Education,2
AutoEverSystems Corp.,Commercial,2
Curtin University of Technology,Education,2
HKP,Education,2
Christchurch College of Education,Education,2
ITRII,Organization,2
University of Worcester,Education,2
Harbin Institute of Technology,Education,2
Tianjin University,Education,2
Netnam Corporation,Commercial,2
Shanghai Jiaotong University,Education,2
Lanzhou University,Education,2
Peking University New Campus Network,Education,2
CMB Dongseo Broadcasting,Commercial,2
Fudan University,Education,2
Seoul National University of Technology,Education,2
University of Orebro,Education,2
Universitaet Graz,Education,2
Areva SA,Commercial,2
University of Sussex,Education,2
Goteborgs Universitet,Education,2
Universiteit Antwerpen,Education,2
Universite Catholique de Louvain,Education,2
Universite Paris1 Pantheon - Sorbonne,Education,2
PT. Khasanah Timur Indonesia,Commercial,2
The United Nations Educational Scientific and Cultural Organization,Organization,2
UCD Campus Network,Education,2
Hochschule fuer angewandte Wissenschaften,Commercial,2
Miami Valley Educational Computer Association,Education,2
Technical University of Gdansk Academic Computer Center Task,Education,2
Hochschule Fuer Technik Wirtschaft und Kultur Leipzig,Commercial,2
Quality Service Provider BV,Commercial,2
Autorite des marches financiers,Commercial,2
OneCleveland,Organization,2
"The Children's Hospital of Alabama",Organization,2
Stamford College,Education,2
Minnesota State University Mankato,Education,2
Twin Rivers Unified School District,Education,2
Westport Public Library,Library,2
Aalto University Student Union,Education,2
Stichting Webster University,Education,2
Georgia State University,Education,2
Fraunhofer-Gesellschaft zur Foerderung der angewandten Forschung e.V.,Commercial,2
Yildirim Beyazit Univesitesi,Education,2
Lupin,Commercial,2
Aksaray Universitesi,Education,2
Student Appartments Bielefeld,Commercial,2
Sacred Heart University,Education,2
Desert Sands Unified School District,Education,2
Manhattan College,Education,2
Technische Universitaet Darmstadt,Education,2
University of Lancaster,Education,2
Integrated Digital Services Ltd,Commercial,2
Metro Communications Company Inc.,Commercial,2
Indra Gandhi Institute of Technology,Organization,2
Kit Carson Electric Cooperative Inc,Commercial,2
Soyak Olimpiakent Site Yonetimi,Commercial,2
Network Kazakhstan LLC,Commercial,2
BBSH Bergbahnen Saalbach Hinterglemm,Commercial,2
Imperial College of Science Technology and Medicine,Education,2
Signit S.R.O. Brno,Commercial,2
Groenjordskollegiet,Commercial,2
Dreamchaser Marketing Private Limited,Commercial,2
Electrica Sollerense SAU,Commercial,2
Technicolor Inc.,Commercial,2
UESTC at Qingshuihe,Education,2
Village at 48 West,Commercial,2
Texas A&M University San Antonio,Education,2
Takenaka Corporation,Commercial,2
Aberystwyth University,Education,2
Ibaraki National College of Technology,Education,2
IP Allocation 1 Nust,Education,2
D2 International Investment Ukraine Ltd.,Commercial,2
Magnalink A.S.,Commercial,2
Regent Communication,Commercial,2
IAAK Technologies Inc.,Commercial,2
Gemeente Nijmegen,Commercial,2
Sciences Politiques Nancy,Commercial,2
Tcorp-Fa-Product to Product,Commercial,2
Power Grid Corporation of India Limited,Commercial,2
Huawei Japan,Commercial,2
Ecole Polytechnique Federale de Lausanne,Education,2
WALDYN,Commercial,2
Learn,Commercial,2
Politehnica University of Bucharest,Education,2
Teleseti Ltd,Commercial,2
BNP Paribas SA,Commercial,2
Nanjing University of Science & Technology,Education,2
ISI Line srl,Commercial,2
Armstrong,Commercial,2
Indian Institute of Technology,Education,2
PE Solovyov Volodymyr Igorovich,Commercial,2
Mobile Telesystems PJSC Kirov Branch,Commercial,2
Speed Telecom,Commercial,2
JISC Services Limited,Education,2
Southern Communications Ltd,Commercial,2
Universite de Geneve,Education,2
Canisius Wilhelmina Ziekenhuis,Commercial,2
Ethernet Xpress Pvt. Ltd.,Commercial,2
WebPerception LLC,Commercial,2
Technische Hochschule Koeln,Commercial,2
essensys Inc.,Commercial,2
Critical Path Inc.,Commercial,2
Aarian Intasel Service Private Limited,Commercial,2
University of Jyvaskyla,Education,2
Kamatera Inc.,Commercial,2
VMedia Inc,Commercial,2
Net Style Development Ltd,Commercial,2
Stichting voor Christelijk Voortgezet Onderwijs,Commercial,2
Gatik Business Solutions,Commercial,2
Eberhard-Karls-Universitaet Tuebingen,Education,2
Anglia Ruskin University,Education,2
Denuo Limited Hong Kong,Commercial,2
Internet Multifeed Co.,Commercial,2
Aluminiere Lauralco,Commercial,2
United Arab Emirates University,Education,2
University of Huddersfield,Education,2
European Mobile Operator Oy,Commercial,2
Sogn og Fjordane Fylkeskommune,Commercial,2
Teleglobal Communication Services Limited,Commercial,2
Global Networks Infocomm Pvt Ltd,Commercial,2
Vaibhav Agencies,Commercial,2
Unit A/3F Winner Commercial Building,Commercial,2
JSC Mastertel,Commercial,2
The WKCIC Group,Education,2
Office of Info.Tech. Admin. for Educational Development,Commercial,2
Sonokonggib Co. Ltd. Corp.,Commercial,2
Hanyang University,Education,2
Net1 GmbH,Commercial,2
City University of London,Education,2
Rexham Industries,Commercial,2
Legaco Networks B.V.,Commercial,2
Network Nebraska,Education,2
Kauno Technologijos Universitetas,Education,2
Noop LLC,Commercial,2
OAI Internet Ltda,Commercial,2
Norwich University of the Arts,Education,2
Tejasri communications,Commercial,2
OOO IT-Region,Commercial,2
Mountain Lakes Board of Education,Education,2
Fitchburg State University,Education,2
Vereinigte Stadtwerke Media GmbH,Commercial,2
Special Internet Operations SRL,Commercial,2
Cyxtera Technologies Inc,Commercial,2
International Islamic University of Malaysia,Education,2
RELX Inc.,Commercial,2
Utah State University Eastern,Education,2
Lamont-Doherty Earth Observatory of Columbia University,Education,2
Enet Telecommunications Networks Limited,Commercial,2
Queens University,Education,2
Ciclo Tecnologia da Informacao Ltda,Commercial,2
Ivdesk Minnesota Inc.,Commercial,2
Blazing SEO LLC,Commercial,2
Telstra Daking,Commercial,2
Rhodia Telecomunicacoes Ltda ME,Commercial,2
Incrediserve Ltd,Commercial,2
Basis Independent Brooklyn,Commercial,2
DMIT Inc.,Commercial,2
Aluminum Company of America - Davenport,Commercial,2
Maritime Research Institute Netherlands,Organization,2
CV. Cahaya Gemilang,Commercial,2
3F Unit 14 Starmall Apartelle Shaw EDSA,Commercial,2
Universiti Malaysia Sabah,Education,2
Huabo Technology International Limited,Commercial,2
JPMorgan Services India Private Limited,Commercial,2
KBNOnline,Commercial,2
MD Manir Hossen Trading as Xplore Cyber & Net,Commercial,2
Surya Net Services,Commercial,2
Gitam University,Education,2
Netsat Communications Private Limited,Commercial,2
Unit 1205 12/F Cyberport 2 100 Cyberport Road Hong Kong,Commercial,2
Netmax Broadband Services,Commercial,2
KS IT Solutions Sdn Bhd,Commercial,2
Department 9232 - Advanced Information Technology,Organization,2
Ceano V15 Iaas Net,Commercial,2
AlterTEL Sp. z o.o.,Commercial,2
Harvey Mains,Commercial,2
Inside Sistemas de Informacao Ltda,Commercial,2
V2 Corp,Commercial,2
City of Tshwane,Commercial,2
Captive Mail Inc.,Commercial,2
Stumpner Netservice UG (haftungsbeschraenkt),Commercial,2
DEK-Optics CJSC,Commercial,2
Worldmed,Commercial,2
University of Otago,Education,2
Erbakan Edu Net,Education,2
The University of Auckland,Education,2
Millersville University of Pennsylvania,Education,2
ANO VO Universitet Innopolis,Education,2
King Street Wireless LP,Commercial,2
Crum &Forster,Commercial,2
Capital Normal University,Education,2
Nationwide Mutual Insurance Company,Commercial,1
Massachusetts Higher Education Computer Network,Education,1
Universidad Nacional Autonoma de Mexico,Education,1
Swarthmore College,Education,1
Western Washington University,Education,1
University of Leicester,Education,1
Santa Clara County,Government,1
Michigan Technological University,Education,1
Illinois Institute of Technology,Education,1
Boise State University,Education,1
University of Western Ontario,Education,1
University of Regina,Education,1
Shared Services Canada,Government,1
James Madison University,Education,1
Edinburgh University,Education,1
Next Online Limited,Commercial,1
University of California Davis,Education,1
University of Southern Mississippi,Education,1
Mississippi State University,Education,1
Servico Federal de Processamento de Dados - Serpro,Government,1
University of Nebraska at Omaha,Education,1
Cherry Creek School District,Education,1
Arizona State University,Education,1
KPMG LLP,Commercial,1
University of the Western Cape,Education,1
University of Rochester,Education,1
The St. Paul Travelers Companies Inc.,Commercial,1
London School of Economics and Political Science,Education,1
Auburn University,Education,1
Katy Independent School District,Education,1
Ryerson University,Education,1
University of Missouri-Columbia,Education,1
City of Riverside,Government,1
University of New Hampshire,Education,1
Bandar Seri Iskandar,Education,1
University of the Witwatersrand,Education,1
United Technologies Research Center,Organization,1
Cardiff University,Education,1
University of Texas,Education,1
Kentucky Department of Education,Education,1
Ebay Inc,Commercial,1
The RAND Corporation,Organization,1
University of Stellenbosch,Education,1
California Polytechnic State University,Education,1
Marist College,Education,1
California State University Sacramento,Education,1
Orange-Ulster BOCES,Organization,1
Case Western Reserve University,Education,1
University of Texas at Dallas,Education,1
Webster University,Education,1
Gwinnett County Public Schools,Education,1
United States Patent and Trademark Office,Government,1
Liberty University,Education,1
Board of Regents of the University System of Georgia,Education,1
College of Wooster,Education,1
Grand Valley State University,Education,1
Genesee ISD,Education,1
Cleveland Clinic Foundation,Organization,1
Cedarville University,Education,1
Vigo County School Corp.,Education,1
University of South Dakota,Education,1
American National Bank,Commercial,1
Keybank National Association,Organization,1
Gettysburg College,Education,1
Louisiana State University,Education,1
Universidad de Antioquia,Education,1
Partners Healthcare System Inc.,Organization,1
Purdue University,Education,1
Handy Networks LLC,Commercial,1
U.S. Center for Disease Control and Prevention,Government,1
Ottawa Area ISD,Education,1
Technische Universitaet Kaiserslautern,Education,1
Barclays Capital,Commercial,1
Massey University,Education,1
Universidade Federal do Rio Grande do Norte,Education,1
East Tennessee State University,Education,1
Indiana Department of Education,Education,1
Siena College,Education,1
Schlumberger Limited,Commercial,1
Government of South Africa,Government,1
Lehigh University,Education,1
Smith College,Education,1
Binghamton University,Education,1
Vrije Universiteit Amsterdam,Education,1
Kohler Company,Commercial,1
Seton Hall University,Education,1
Queen Mary and Westfield College University of London,Education,1
University of Louisville,Education,1
Clemson University,Education,1
Greenwich University,Education,1
Marquette University,Education,1
Memorial University of Newfoundland,Education,1
North Carolina A&T State University,Education,1
Fairfax County Government,Government,1
Analysis Group Inc.,Commercial,1
Service Alberta,Government,1
Providence Health & Services,Organization,1
College of William and Mary,Education,1
Rochester Institute of Technology,Education,1
Utah State University,Education,1
State of Arkansas,Government,1
Kansas State University,Education,1
University of Lethbridge,Education,1
Westminster College of Salt Lake City,Education,1
Disney Worldwide Services Inc.,Commercial,1
Philipps-Universitaet Marburg,Education,1
Clackamas Education Service District,Education,1
Scotia McLeod Inc.,Commercial,1
University of Dayton,Education,1
Orange County Department of Education,Education,1
Nassau County Board of Cooperative Education Services - Nassau Co. NY,Education,1
Baltimore County Public Schools,Education,1
Central Michigan University,Education,1
Gustavus Adolphus College,Education,1
Lingnan University,Education,1
Fairfax County Public Schools,Education,1
Ithaca College,Education,1
Phillips Academy,Education,1
Universite de Sherbrooke,Education,1
The City University of New York,Education,1
California Institute of Technology,Education,1
San Francisco International Airport,Commercial,1
Organisation for Economic Co-operation and Development,Organization,1
Stiftelsen Goteborgs Studentbostader,Commercial,1
Brock University,Education,1
Fundacao Universidade Regional de Blumenau,Education,1
Western Illinois University,Education,1
Pacific Lutheran University,Education,1
University of Abertay Dundee,Education,1
Rapid City Public Schools,Organization,1
Balfour Beatty PLC,Commercial,1
Washington & Lee University,Education,1
Lawrence Livermore National Laboratory,Organization,1
Loudoun County Public Schools,Education,1
Eastman Kodak Company,Commercial,1
University of Oklahoma,Education,1
San Francisco Unified School District,Education,1
University of Tehran Informatics Center,Education,1
County of Riverside,Government,1
Cal State Fullerton,Education,1
Winston-Salem/Forsyth County Schools,Education,1
St. Lawrence University,Education,1
Sheffield Hallam University,Education,1
Bulk Assignment,Commercial,1
Jeffco Public Schools,Education,1
University of Innsbruck,Education,1
Bucknell University,Education,1
Colgate University,Education,1
University of Cyprus,Education,1
New Brunswick Department of Education,Education,1
Hanover College,Education,1
University of Stirling,Education,1
Universitaet Potsdam,Education,1
Oklahoma State University,Education,1
University of Helsinki,Education,1
Southern Methodist University,Education,1
Loyola University New Orleans,Education,1
Tufts University,Education,1
University of Wales Bangor,Education,1
Western Digital Corporation,Commercial,1
School District No. 23,Education,1
Boston Public Library,Library,1
Heriot-Watt University,Education,1
Rhode Island College,Education,1
Bergische Universitaet Wuppertal,Education,1
St. Olaf College,Education,1
Arkansas Public School Computer Network,Education,1
Synopsys Inc.,Commercial,1
Indian Institute of Technology Patna,Education,1
Wittenberg University,Education,1
Worcester Polytechnic Institute,Education,1
San Francisco Public Library,Library,1
Cargill Inc.,Commercial,1
Advanced Micro Devices Inc.,Commercial,1
Ostbayerische Technische Hochschule Regensburg,Commercial,1
Auckla,Education,1
Research Institution of Telecom,Education,1
Davidson College,Education,1
Mercy College,Education,1
Loyola University Maryland,Education,1
Eotvos Lorand University of Sciences,Education,1
Merck and Co. Inc.,Commercial,1
University of Nottingham,Education,1
Onatel,Commercial,1
Doshisha University,Education,1
Oregon Public Education Network,Education,1
Bolt Beranek and Newman Inc.,Commercial,1
Manchester Metropolitan University,Education,1
HHL Handelshochschule Leipzig gGmbH,Commercial,1
BT Americas Inc,Commercial,1
Company with Additional Responsibility Company Best,Commercial,1
Florida Atlantic University,Education,1
Central Intelligence Agency,Government,1
FRIT,Organization,1
Middle East Technical University,Education,1
University of Athens,Education,1
Brandeis University,Education,1
Connecticut Education Network,Education,1
University of Oslo,Education,1
University of Southern Indiana,Education,1
U.S. Securities & Exchange Commission,Government,1
Auckland University of Technology Network,Education,1
Cambrium IT Services B.V.,Commercial,1
Allegheny Intermediate Unit,Education,1
Hertie School of Governance gGmbH,Education,1
Westfield State University,Education,1
UBS AG,Commercial,1
Biola University Inc.,Education,1
Missouri State University,Education,1
Brno University of Technology,Education,1
Kern High School District,Education,1
Bradley University,Education,1
CETYS - Centro de Ensenanza Tecnica Y Superior,Education,1
University of Vermont,Education,1
Lamar University,Education,1
University of Denver,Education,1
Weatherford International LLC,Commercial,1
Comsats,Education,1
BJC Health System,Organization,1
Fidelity Investments,Commercial,1
Universidade Federal de Sergipe,Commercial,1
BT Americas Inc.,Commercial,1
State University of New York at Buffalo,Education,1
Cardinal Intellectual Properties,Commercial,1
University of Texas at Arlington,Education,1
The Procter and Gamble Company,Commercial,1
City of Mississauga,Government,1
Bentley University,Education,1
Farmingdale State College,Education,1
Fondation Nationale des Sciences Politiques,Organization,1
Capital One Financial Corporation,Commercial,1
Technische Universitaet Chemnitz,Education,1
DePauw University,Education,1
University of Tromso,Education,1
Hamilton College,Education,1
Virginia Community College System,Education,1
Willamette Education Service District,Education,1
Coastal Carolina University,Education,1
University of Winnipeg,Education,1
U. S. Bureau of the Census,Government,1
Pepperdine University,Education,1
Bellevue School District,Education,1
Vienna University Computer Center,Education,1
Robert Morris University,Education,1
State University of New York Health Science Center at Syracuse,Education,1
Piper Jaffray Companies,Commercial,1
Arapahoe School District,Education,1
North Central College,Education,1
Sakarya University Computer Center,Education,1
Towson State University,Education,1
Union College,Education,1
EVO North,Commercial,1
Mississippi Bend Area Education Agency,Education,1
Monmouth University,Education,1
Ball State University,Education,1
KPMG,Commercial,1
Instituto Politecnico Nacional,Organization,1
Edge Hill University,Education,1
Eastern Suffolk Boces,Organization,1
FernUniversitaet Hagen,Education,1
Sam Houston State University,Education,1
Eli Lilly and Company,Commercial,1
Universitaet Leipzig,Education,1
Loyola Marymount University,Education,1
Corona-Norco Unified School District,Education,1
Zanjan government university,Education,1
PCS Health Systems,Organization,1
Montgomery College.,Education,1
Victoria University,Education,1
Haskoli Islands,Education,1
Stellar Association LLC,Organization,1
Australia and New Zealand Banking Group Ltd,Commercial,1
Rensselaer Hartford Graduate Center,Education,1
Algonquin College,Education,1
Radford University,Education,1
University of South Australia,Education,1
SG Americas Operational Services Inc.,Commercial,1
Artesis Plantijn Hogeschool Antwerpen,Commercial,1
Thompson Rivers University,Education,1
1651884 Ontario Inc.,Commercial,1
IdeaTek,Commercial,1
The Connecticut Hospital and Affiliates,Commercial,1
External,Commercial,1
Universidade Catolica Portuguesa,Education,1
Department of Human Services,Government,1
University of Western Sydney,Education,1
Queensland Health,Government,1
City of Chandler,Government,1
Ruhr-Universitaet Bochum,Education,1
Karadeniz University,Education,1
Westmont College,Education,1
Griffi,Education,1
Lancaster Lebanon Intermediate Unit,Organization,1
University of Turku,Education,1
Tufts Health Care Plans Inc,Commercial,1
University of Redlands,Education,1
Osaka City University,Education,1
Vancouver Public Library,Library,1
Indian Institute of Management Indore,Education,1
Tokyo Institute of Technology,Education,1
Australian Academic and Research Network,Organization,1
Kyungpook National University,Education,1
Lamar County School District,Education,1
Universitas Airlangga,Education,1
CENET,Organization,1
Nanyang Polytechnic,Education,1
East-Zone for Huazhong University of Science and Technology,Education,1
Indiana State Library,Library,1
Universitaet Kiel,Education,1
Institut Teknologi Bandung,Education,1
Mitsubishi Electric Corporation,Commercial,1
Novia East Africa Ltd,Commercial,1
Universitas Sebelas Maret,Education,1
Cornell College,Education,1
SUt,Education,1
Suffield Academy,Organization,1
Ningbo Nuodinghan College,Education,1
National Institute of Technology Rourkela,Education,1
Universitas Padjadjaran,Education,1
Bond University,Education,1
Maharishi Dayanand University Rohtak,Education,1
JSM Management Inc.,Commercial,1
Tsinghua University,Education,1
WPC,Commercial,1
Peking,Education,1
Fujitsu Limited,Commercial,1
Universitas Islam Indonesia,Education,1
The University of Electro-Communications,Education,1
Hankuk Aviation University,Education,1
Chonnam National University,Education,1
Huazhong University of Science and Technology,Education,1
Flinders University,Education,1
Glasgow Caledonian University,Education,1
East China Normal University,Education,1
IP Allocation 1 Ist,Education,1
IsIran,Commercial,1
Jawaharlal Nehru University,Education,1
IRON,Government,1
Gunadarma University,Education,1
Universite de Fribourg,Education,1
Bellamy at Milledgeville,Commercial,1
Akademska mreza Republike Srbije - AMRES,Education,1
Champaign Metro,Commercial,1
Changwon National University,Education,1
Manonmaniam Sundaranar University,Education,1
Oracle Corporation Japan,Commercial,1
Tongji University,Education,1
Shivaji University Kolhapur,Education,1
Okinawa Cable Network Co. Ltd,Commercial,1
Caterpillar Inc.,Commercial,1
Israeli Government Network,Government,1
Adana Bilim ve Teknoloji Universitesi,Education,1
Universidad de Alicante,Education,1
IP Allocation 1 Nu-Fast,Education,1
Sony Corporation,Commercial,1
Chengdu University of Sicence and Technology,Education,1
"Universita' degli Studi di Perugia",Education,1
Technische Universitat Wien,Education,1
Best Cabletelevision Co Ltd.,Commercial,1
Universidad de Sevilla,Education,1
Narodna in Univerzitetna Knjiznica,Commercial,1
"Centre des technologies de l'information de l'Etat",Government,1
Oesterreichische Akademie der Wissenschaften,Education,1
Kent County Council,Government,1
"Centre de Calcul de l'Universite de Bourgogne",Education,1
Universidad de Valladolid,Education,1
Bostaden,Commercial,1
Umea University,Education,1
Bar Ilan University,Education,1
Istanbul Bilgi Universitesi,Education,1
Marmara University,Education,1
Universite de Lorraine,Education,1
Stichting BOA,Commercial,1
Haagse Hogeschool,Commercial,1
Ecole Centrale Paris,Commercial,1
Universitaet Salzburg; EDV-Zentrum,Education,1
Gandhinagar Zone,Commercial,1
Kalinga Institute of Industrial Technology,Education,1
Universitaet Osnabrueck; Rechenzentrum,Education,1
Universite de Bordeaux - DSI,Education,1
Paris VII Denis Diderot University,Education,1
Greek High-School Internet Network,Education,1
Guru Jambeshwar Univ. of Sci. & Tech,Education,1
Humboldt-Universitaet zu Berlin,Education,1
KfW Kreditanstalt fur Wiederaufbau,Commercial,1
Officine Informatiche Srl,Commercial,1
Danube University Krems,Education,1
Stiftung Europa-Universitaet Viadrina,Education,1
Universite Pierre et Marie Curie,Education,1
Universitaet Bielefeld,Education,1
Hochschule Aalen,Commercial,1
Zonguldak Karaelmas University,Education,1
Universite de Mons,Education,1
Universitaire Faculteiten Sint-Ignatius te Antwerpen,Education,1
Bundesamt fuer Sicherheit in der Informationstechnik,Government,1
New York University Abu Dhabi - Abu Dhabi Foreign Branch-USA,Education,1
Universitaet Trier,Education,1
Universitaet Ulm,Education,1
College Park the Tower at 3rd,Education,1
Indian Statistical Instituite Banglore,Education,1
Hogeschool Van Arnhem en Nijmegen,Commercial,1
City of Helsinki,Government,1
EDF Trading,Commercial,1
University of the Arts London,Education,1
Defence Science and Technology Laboratory,Government,1
FHU Ez-Bit Tomasz Zakonek,Commercial,1
The Borough of Telford and Wrekin Council,Government,1
Universite Lumiere,Education,1
University of Teesside,Education,1
ENFORMATIC Sp. z o.o.,Commercial,1
Ilsp Institute for Language and Speech Processing,Organization,1
Barclays Bank PLC,Commercial,1
Mektel Inc,Commercial,1
Swiss Federal Institute of Technology Zurich,Education,1
Narsee Monjee Institute of Management Studies,Education,1
National Institute of Technology Warangal,Education,1
University of Petroleum and Energy Studies,Education,1
Varndean College,Education,1
University of South Africa,Education,1
Institut Rudjer Boskovic,Commercial,1
Stichting Glaslokaal,Commercial,1
Kirikkale Universitesi Muh. Fak.,Commercial,1
Jerusalem College of Technology,Education,1
Hochschule Hannover,Commercial,1
Roshangaran Ertebatat Rayaneh,Commercial,1
RadioLAN spol. s r.o.,Commercial,1
Johns Hopkins University Applied Physics Laboratory,Education,1
Openbare Bibliotheek Amsterdam,Organization,1
Institut National de Recherches Agronomiques,Government,1
The Darien Telephone Co. Inc.,Commercial,1
Universidad de Deusto,Education,1
St. Francis Xavier University,Education,1
Hochschule Luzern,Education,1
Open Universiteit,Education,1
Alma College,Education,1
Graphic Era University Uttrakhand,Education,1
Southwest Jiaotong University,Education,1
Bridgeport Public Schools,Education,1
Motilal Nehru National Institute of Technology,Organization,1
Dataline LLC,Commercial,1
Universite de Lille,Education,1
Tomsk State University,Education,1
Centre for Development of Advanced Computing,Commercial,1
Heartland-COG/North Central Ohio Computer Cooperative,Education,1
Woko Caesar-Ritz-Strasse,Commercial,1
Kalamazoo College,Education,1
FCB Communications,Commercial,1
Kirkwood Community College,Education,1
University for the Creative Arts,Education,1
TCT Ltd.,Commercial,1
Thalamus Operations AB,Commercial,1
Royal Bank of Scotland,Commercial,1
Sol CGN Yenibosna,Commercial,1
The Networking People (NorthWest) Limited,Commercial,1
Irish Government,Government,1
Lazard Freres & Company,Commercial,1
Akademia Leona Kozminskiego,Education,1
Institut National de Recherche en Informatique et Automatique de Rennes,Organization,1
Ctel Links at Columbia,Commercial,1
Bridgewater College,Education,1
Universidad Iberoamericana A.C.,Education,1
SXLF Jincheng BAS,Commercial,1
Columbus Regional Airport Authority,Commercial,1
Indiana University of Pennsylvania,Education,1
Old National Bancorp,Commercial,1
Landmark,Commercial,1
UFB,Commercial,1
Burbank Unified School District,Education,1
St. Edwards University,Education,1
Great River Aea,Education,1
Riverdale Country School,Education,1
Stiftelsen SINTEF,Commercial,1
Universidad Autonoma del Estado de Mexico,Education,1
California State University Bakersfield,Education,1
Fireline Network Solutions Inc.,Commercial,1
Francis Marion University,Education,1
Lee College,Education,1
TriNed B.V.,Commercial,1
Aragon de Cable S.A.,Commercial,1
Atlantek Computers Teoranta Ltd,Commercial,1
State Library of Queensland,Library,1
411 Lofts,Commercial,1
Grant County Public Utility District,Organization,1
Polytechnic University,Education,1
Nomura Securities Co. Ltd.,Commercial,1
Adobe Systems Inc.,Commercial,1
Direccion Informatica,Commercial,1
Shanghai University of Finance & Economics,Education,1
Impact Business Solutions,Commercial,1
University of Ulster at Magee College,Education,1
Exetel ACT DSL,Commercial,1
SinoPac Holdings,Commercial,1
University of the North,Education,1
"Universite d'Evry Val d'Essonne",Education,1
Fachhochschule Aachen,Commercial,1
Credit Agricole S.A.,Commercial,1
Suceava,Commercial,1
Universite du Sud Toulon - Var,Education,1
Institute of Applied Technology,Education,1
Mann + Hummel GmbH,Commercial,1
Karatay Universitesi,Education,1
NHTV Internationale Hogeschool Breda,Education,1
Stiftung Universitaet Hildesheim,Education,1
Springer,Commercial,1
EPM Data AB,Commercial,1
Charite - Universitaetsmedizin Berlin,Education,1
Common Gateway for single or more than one IP user,Commercial,1
Thueringer Netkom GmbH,Commercial,1
Oslo School District,Education,1
Osso B.V.,Commercial,1
Amasya Universitesi,Education,1
Internet Systems Consortium Inc.,Organization,1
Hochschule Furtwangen,Commercial,1
The Capital Group Companies Inc.,Commercial,1
Da Da Broadband Ltd.,Commercial,1
Sat-Trakt D.O.O.,Commercial,1
Howell Public Schools,Commercial,1
Willis Group Services Ltd,Commercial,1
GNET-ISP d.o.o.,Commercial,1
Ltd. DSS Group,Commercial,1
Linix Ltd,Commercial,1
Carlow University,Education,1
McNet S.R.O.,Commercial,1
Zenith Electronics Corporation,Commercial,1
Cotesma,Commercial,1
Caisse Federale de Credit Mutuel SA,Commercial,1
Metuchen School District,Education,1
Net-Surf.net Ltd.,Commercial,1
Universitaet Salzburg,Education,1
Fort Bend County Libraries,Library,1
One Source Networks Inc,Commercial,1
Akademikerhilfe Studentenunterstuetzungsverein,Education,1
ANZ National Bank Limited,Commercial,1
Coop Italia,Commercial,1
GTT,Commercial,1
CNA - Catholic Education South Australia Network,Education,1
Level 12 Menara Sunway Jalan Lagoon Timur,Education,1
Nikkei Inc.,Commercial,1
Department of Science and Technology,Government,1
PE Dmytro Golubnichiy Volodomirovich,Commercial,1
Planet Ozi Pty Ltd,Commercial,1
Network Center,Education,1
"Xi'an Science and Technologe Institute",Organization,1
Yamaha Co. Ltd,Commercial,1
Kobe College,Education,1
Netaji Subhas Institute of Technology,Education,1
Kuban-GSM Local Registry,Commercial,1
Bursa Teknik Universitesi,Education,1
Standard Chartered Bank,Commercial,1
Intech Enterprises,Commercial,1
Oresundskraft,Commercial,1
Omnova Solutions Inc,Commercial,1
Institut de Recherche et Coordination Acoustique/Musique,Commercial,1
UPC Romania Targoviste,Commercial,1
Sundbynet,Commercial,1
Abdullah Gul Universitesi,Education,1
Savonia University of Applied Sciences,Education,1
Ringling College of Art and Design,Education,1
Ecole Centrale de Lille,Commercial,1
Ubisoft Entertainment,Organization,1
Gujarat Telelik Pvt Ltd,Commercial,1
Digitalforge,Commercial,1
Aurora University,Education,1
Hotzone GmbH,Commercial,1
Rotorua/32 Custopmer Assignments,Commercial,1
Soonchunhyang University,Education,1
AMC Theatres,Commercial,1
Lindenwood University,Education,1
Sears Canada Inc.,Commercial,1
KDDI R&D Laboratories Inc.,Commercial,1
Mizoram University,Education,1
Tbwa Singapore Pte Ltd,Commercial,1
Robert Bosch Gesellschaft mit Beschraenkter Haftung,Commercial,1
86 Golaghata Road,Commercial,1
Gujarat Vidyapith Ahmedabad,Commercial,1
Gazon Communications India Limited,Commercial,1
UPC Romania Bucuresti B2B E320 Ra,Commercial,1
TBCDSB,Commercial,1
Grand View College,Education,1
Brasrede Telecomunicacoes Ltda,Commercial,1
Howard Community College,Education,1
Washington Post,Commercial,1
South Central Telephone Association,Organization,1
Amirkabir University of Technology,Education,1
Dankook University,Education,1
Satellite Cable TV Net,Commercial,1
Academia Sinica Computing Centre,Education,1
E.Serv Informatica e Tecnologia Ltda.,Commercial,1
Community Fibre Limited,Commercial,1
WNT Telecommunication GmbH,Commercial,1
New Media Co. Ltd.,Commercial,1
Ehinet Srl,Commercial,1
Lubbock Christian University,Education,1
Liberty Technologies Corp.,Commercial,1
Grohe AG,Commercial,1
DAF Trucks N.V.,Commercial,1
GarnierProjects BV,Commercial,1
Bratislava,Commercial,1
Knight Capital Group Inc,Commercial,1
American Family Association Inc,Organization,1
LLC Grazhdan-Servis Russia Izhevsk,Commercial,1
PT. Varnion Technology Semesta,Commercial,1
Dotname Korea Corp,Commercial,1
Disenadores Informaticos Y Tecnologicos S.L.,Commercial,1
Citgo Petroleum Corporation.,Commercial,1
Ropes & Gray,Commercial,1
United Electric Cooperative,Commercial,1
Hazlett Lewis Bieter,Commercial,1
Alfred University,Education,1
Cable Networks Akita Co. Ltd.,Commercial,1
Banque Nationale du Canada,Commercial,1
RFTkabel Brandenburg GmbH,Commercial,1
Batyevka Ltd,Commercial,1
Rogers Cable Inc. NBCT,Commercial,1
Empresa Provincial de Energia de Cordoba,Commercial,1
University of North Alabama,Education,1
National Centre for Biological Sciences,Commercial,1
Wonten Network Ltd.,Commercial,1
LCV Corporation,Commercial,1
Compania Hotelera Cartagena de Indias,Commercial,1
Madonna University,Education,1
Comunidad Autonoma de la Rioja,Organization,1
Oklahoma Christian University of Science and Arts,Education,1
Gold Data C.A.,Commercial,1
E4A s.r.l.,Commercial,1
Optika Kabel TV d.o.o.,Commercial,1
Opin Kerfi ehf,Commercial,1
Manfred Reindl,Commercial,1
Muskingum University,Education,1
Nanjing Normal University,Education,1
ACO Computerservice GmbH,Commercial,1
Baloot Communication Network Private Limited Company,Commercial,1
PT Communications Corporation,Commercial,1
Kensington North and South,Commercial,1
Yleisradio Oy,Commercial,1
Terrakom d.o.o.,Commercial,1
Openbare Bibliotheek Groningen,Commercial,1
Inovare-Prim SRL,Commercial,1
Medicine Hat College,Education,1
Telenor Sverige Aktiebolag,Commercial,1
PrimoWireless Ltd,Commercial,1
Northwest University,Education,1
iTalk Australia Pty Ltd,Commercial,1
Sevenoaks School,Education,1
Hotchkiss School,Education,1
Universidad Autonoma de Ciudad Juarez,Education,1
Kenosha Unified School District,Education,1
Cegep de Sainte-Foy,Commercial,1
Carlos Hilado Memorial State College,Education,1
Tangerine Limited,Commercial,1
Pennsylvania Highlands Community College,Education,1
Austin Peay State University,Education,1
Long Beach CCD,Education,1
Health Data Sciences Corporation,Commercial,1
Chaminade HS,Commercial,1
Cognizant Technology Solution India Pvt Ltd Philippines Net Block,Commercial,1
Fullerton Community College,Education,1
Hochschule Fuer Musik und Darstellende Kunst Graz,Education,1
Ecotel Communication AG,Commercial,1
Hallym University,Education,1
Individual Network Berlin e.V.,Commercial,1
Universitaet fuer angewandte Kunst Wien,Education,1
newone GmbH,Commercial,1
Sofia East quarters,Commercial,1
Spacelabs Medical Inc.,Commercial,1
Iteso A.C.,Education,1
Madison County Schools,Education,1
River Club Apartments,Commercial,1
Mia Telecoms,Commercial,1
Universitaet des Saarlandes,Education,1
Broadband Business Clients,Commercial,1
LLC Management Company Svyaz,Commercial,1
"Rectorat de l'Academie de Nancy-Metz",Commercial,1
Dow Jones & Company Inc.,Commercial,1
Sony Music Axis Inc.,Commercial,1
Neosho County Community College,Education,1
F-Secure Oyj,Commercial,1
I3P,Commercial,1
Squarepoint Ops LLC,Commercial,1
GSM WAN Links,Commercial,1
Salans D.Oleszczuk Kancelaria Prawnicza Sp. K.,Commercial,1
National Institute of Industrial Engineering Mumbai,Organization,1
Oconee State Bank,Commercial,1
JSC RooTelecom,Commercial,1
Loughborough Endowed Schools,Organization,1
LEAP,Commercial,1
Ah Equity Partners I LLC,Commercial,1
Banka Slovenije,Commercial,1
Informatique CDC,Commercial,1
Gobierno del Estado de Nuevo Leon,Commercial,1
Freifunk Rheinland e.V.,Commercial,1
Brasil Telecomunicacoes S.A.,Commercial,1
The McCall Pattern Company,Commercial,1
Hardin Simmons University,Education,1
NVVI Internet Marketing,Commercial,1
Reconn. Operator Svyazi LLC,Commercial,1
Gestmusic Endemol,Commercial,1
Community Schools of Naples,Commercial,1
Universidad del Istmo,Education,1
Inst. Fed. de Educacao Ciencia e Tecno Fluminense,Education,1
Harper Collins Publishers Inc.,Commercial,1
Electronica DX S.A.,Commercial,1
PWX Sp. z o.o.,Commercial,1
SXXZ Erfenju BAS,Commercial,1
Telkab sp. z o.o.,Commercial,1
IDL Net,Commercial,1
TOV Trest Ukrtelebud,Commercial,1
Department of Information Technology,Government,1
Istituto degli Oblati di Maria Vergine,Commercial,1
MSUM,Commercial,1
Beijing University of Posts & Telcommucations,Education,1
E Utile,Commercial,1
Disquom Funktechnik GmbH,Commercial,1
CMA Consulting,Commercial,1
Conway Emergency Operations Center,Organization,1
Suny Old Westbury,Education,1
Aubay SA,Commercial,1
Academic Computer Centre CYFRONET AGH,Education,1
Metranet Communications Ltd,Commercial,1
Recoop Tour A.S.,Commercial,1
Skroutz Internet Services S.A.,Commercial,1
Ingenioerforeningen i Danmark,Commercial,1
American Mathematical Society,Organization,1
Zeytinlik Mah 278 Sok No 1 Karabiga Canakkale,Commercial,1
NKTV Ltd.,Commercial,1
Districon Group BV,Commercial,1
Technische Universitaet Carolo-Wilhelmina zu Braunschweig,Education,1
ISD# 625 Saint Paul Public Schools,Education,1
Anaheim Convention Center,Commercial,1
Sony Global Solutions Inc.,Commercial,1
Capgemini Outsourcing Services GmbH,Commercial,1
Minyonghangkong,Commercial,1
St Lukes Parish,Commercial,1
HEC Paris,Education,1
Sociedade Educacional do Espirito Santo,Commercial,1
Aster Sp. z o.o.,Commercial,1
Depco International Inc.,Commercial,1
Sasol,Commercial,1
Escape.net,Commercial,1
Providence College,Education,1
Best Value Inn and,Commercial,1
Hochschule Fresenius gGmbH,Commercial,1
Remote,Commercial,1
O2 Slovakia S.R.O.,Commercial,1
South China University of Technology,Education,1
TRUMPF GmbH + Co. KG,Commercial,1
TOWER Limited,Commercial,1
Mankato Clinic,Commercial,1
Kepler (Paris) Capital Markets,Commercial,1
Boise Cascade Company,Commercial,1
Liberty Source LP,Commercial,1
Ningbo City Zhejiang Province,Commercial,1
Kyoto Tachibana University,Education,1
Suvoz Global Services S.L.,Commercial,1
Kyambogo University,Education,1
National University of Ireland Galway,Education,1
JSC Amtkom,Commercial,1
Regeneron Pharmaceuticals Inc,Commercial,1
Tjorns Kommun,Commercial,1
Internexa Chile S.A.,Commercial,1
D. A. Servicos de Telecomunicacoes Ltda ME,Commercial,1
Exabyte Corporation,Commercial,1
rrbone UG (haftungsbeschraenkt),Commercial,1
Interdotnet Argentina S.A.,Commercial,1
Viadee Unternehmensberatung GmbH,Commercial,1
Artemis,Commercial,1
Universite de Montpellier,Education,1
SateliX s.r.o.,Commercial,1
Broadband Network the City,Commercial,1
Sauce Labs Inc,Commercial,1
PCS Wireless,Commercial,1
Telefonika LLC,Commercial,1
The Warehouse,Commercial,1
Access Systems Europe GmbH,Commercial,1
Eworkplace Solutions Inc.,Commercial,1
Guangxi Normal University,Education,1
Christian Brothers University,Education,1
CJS Company Komstar-Regiony,Commercial,1
Digicom TV OOD,Commercial,1
HAL Service srl,Commercial,1
Hochschule fuer Bildende Kuenste,Commercial,1
Aljeel Aljadeed for Technology,Commercial,1
AwellConnected.Com,Commercial,1
Yildiz University Computer Center,Education,1
ITS Technology Group Limited,Commercial,1
Link Point Servicos Ltda-Me,Commercial,1
KDS Smiley TV d.o.o.,Commercial,1
Sky Italia srl,Commercial,1
Shipman & Goodwin LLP,Organization,1
Enfocus,Organization,1
SXLF Yicheng BAS,Commercial,1
TIMEWARP IT Consulting GmbH,Commercial,1
Spectra Energy Corporation,Commercial,1
Grove Flagstaff,Commercial,1
J2Global LAN Network,Commercial,1
Cyber Info Provedor de Acesso Ltda ME,Commercial,1
ALTEKO d.o.o.,Commercial,1
Access Smart Solutions India Pvt Ltd,Commercial,1
YourColo LLC,Commercial,1
Puma Internet Tecnologia de Comunicacao Ltda ME,Commercial,1
Wolfgang Koehler,Commercial,1
Bauhaus-Universitaet Weimar,Education,1
University of Bradford,Education,1
Net Vision Communications LLC,Commercial,1
WhiteSky Communications LLC,Commercial,1
Extreme Arena Private Limited,Commercial,1
Viswaroopa Info Services India Private Ltd,Commercial,1
Kontorshotellet Nacka Strand KB,Commercial,1
Randolph Township Schools - Mresc,Commercial,1
Colombia Mas TV S.A.S,Commercial,1
Ford Maguires,Commercial,1
Otto-Friedrich-Universitaet Bamberg,Education,1
Verus Connect,Commercial,1
Mentor Public Schools,Education,1
Indian Institute of Management,Education,1
Village Promenade,Education,1
Sim Headquarters,Education,1
This Space is Statically Assigned,Commercial,1
Stichting Deltares,Organization,1
Rainbow Communications India Pvt Ltd,Commercial,1
Real Miles Communication,Commercial,1
I2Net CZ S.R.O.,Commercial,1
Regionalna Telewizja Kablowa Spolka Jawna L.Iwanski I Wspolnicy,Commercial,1
S.R.Network.Solution,Commercial,1
Infirmary Health System Inc.,Organization,1
Universitaet der Bundeswehr Muenchen,Education,1
Moscow State University,Education,1
"St. Anthony's High School",Education,1
City of San Diego,Government,1
Wananchi Group (Kenya) Limited,Commercial,1
ITCOM Shpk,Commercial,1
CPM Properties,Education,1
Casino,Commercial,1
"Universita' di Pisa",Education,1
University of Birmingham,Education,1
Flash Broadband Pvt Ltd,Commercial,1
San Benito Consolidated Independent School District,Education,1
Abs-CBN Convergence Inc,Commercial,1
MMAL,Commercial,1
Lavinia,Commercial,1
Sam Online,Commercial,1
Alcan India Pvt Ltd.,Commercial,1
Interbaun Communications,Commercial,1
Frontiir Co. Ltd,Commercial,1
Mada Communications CJSC,Commercial,1
Universitas Negeri Malang,Education,1
Voyageur Internet Inc,Commercial,1
R2 Net Solutions Pvt Ltd,Commercial,1
Cyber Internet Ltda ME,Commercial,1
Telmi Telecom S.L,Commercial,1
Gyrocast Limited,Commercial,1
Pishgaman Toseeh Ertebatat Company (Private Joint Stock),Commercial,1
HASHIKMA NGN International Communications 015LTD,Commercial,1
Shun Ke International Freight Forwarding (Shanghai) Co. Ltd.,Commercial,1
University Commons at Minneapolis,Education,1
Grove Fort Collins,Education,1
University House Acadiana,Education,1
Invermae Solutions SL,Commercial,1
Supernet,Commercial,1
C.S.T. Ltd.,Commercial,1
Carl Zeiss AG,Commercial,1
Life Positive Private Limited,Commercial,1
Arizona Tri-University Network,Education,1
Advantus Corporate Infoserv Private Ltd,Commercial,1
Mobile Interim Company no.2 sal,Commercial,1
"Alma Mater Studiorum Universita' di Bologna",Education,1
Studierendenwerk Bonn AoeR,Commercial,1
Forcepoint Cloud Hong Kong,Commercial,1
Ltd. SpaImpulse,Commercial,1
Fesenko Igor Mikolayovich,Commercial,1
Sri Madheswara Agencies,Commercial,1
Syn Ltd,Commercial,1
Deloitte Consulting,Commercial,1
Universidad de Granada,Education,1
Web World,Commercial,1
Universitaet St. Gallen,Education,1
Srinivasa Agencies,Commercial,1
LLC RusTel,Commercial,1
Meyer Aluminium,Commercial,1
Viral Communications Private Limited,Commercial,1
Shree Balaji Infoway Private Limited,Commercial,1
Universidad del Pais Vasco - Euskal Herriko Unibertsitatea,Education,1
Unideb,Commercial,1
Wirulink Pty Ltd,Commercial,1
Technical University of Kosice,Education,1
Pronea AS,Commercial,1
Landspitali - University Hospitals,Education,1
Higher Colleges of Technology,Education,1
Pryama Mova Tov.,Commercial,1
University of Hradec Kralove,Education,1
Deltaativa Telecomunicacoes,Commercial,1
A & G Telecomunicacoes Ltda EPP,Commercial,1
Mazeda Networks Limited,Commercial,1
Fondazione Bruno Kessler,Commercial,1
Departementenes Sikkerhets- og Serviceorganisasjon,Commercial,1
Aramark Services Inc,Commercial,1
DataLogic ADC Inc.,Commercial,1
Railwire Ludhiana,Commercial,1
FOP Lytsik Vitaliy Yaroslavovich,Commercial,1
DNSnet Arteco Net,Commercial,1
National Infomation Society Agency,Organization,1
Cool Ideas Service Provider (Pty) Ltd,Commercial,1
Golden Touch International,Commercial,1
Westlink Tecnologia e Comunicacao Ltda. - ME,Commercial,1
Shree Padma Technology,Commercial,1
ATMLink Inc.,Commercial,1
NCR,Commercial,1
Conterra,Commercial,1
Haute Ecole D Ingenierie et de Gestion du Canton de Vaud,Commercial,1
HeLi NET Telekommunication GmbH & Co.,Commercial,1
ScanSafe Services LLC,Commercial,1
Clark County Nevada Information Systems,Commercial,1
Waverly Utilities,Commercial,1
Marvell Semiconductor Inc,Commercial,1
UE Agil Trade OOD,Commercial,1
PIHKNetwork,Commercial,1
State Unitary Enterprise of Krasnodar Region Information Technology Center,Commercial,1
Chernogolovskaya Telefonnaya Kompaniya Ltd.,Commercial,1
VostroNet,Commercial,1
XM Media Services LLP,Commercial,1
Mondragon Goi Eskola Polteknikoa,Education,1
Netcom Kassel Gesellschaft fuer Telekommunikation mbH,Commercial,1
National Center of Scientific Research Demokritos,Commercial,1
Loopback Address,Education,1
Lohjan Kaupunki,Commercial,1
Quintex Alliance Consulting,Commercial,1
limited liability company Konnectika,Commercial,1
HX Systems,Commercial,1
Royal Borough of Windsor and Maidenhead,Government,1
swissbrothers AG,Commercial,1
Nottingham Trent University,Education,1
Universite de Nice,Education,1
Trunc Inc.,Commercial,1
One Net,Commercial,1
Auspice,Commercial,1
JV Protection Services,Commercial,1
DC Leite ME,Commercial,1
Regus Business Centre LLC,Commercial,1
Symbio Networks,Commercial,1
Idilis SRL,Commercial,1
Sondercloudlimited,Commercial,1
University of Aberdeen,Education,1
Airmobile.co.za,Commercial,1
Sky Televentures Services Pvt Ltd,Commercial,1
World Wide Technology Holding Co. Inc.,Commercial,1
EDF Trading North America LLC,Commercial,1
Edirne Cirpici Yolu no 9 Maltepe mh. Zeytinburnu ISTANBUL,Commercial,1
Click Telecomunicacao Ltda ME,Commercial,1
Andhra Pradesh State FiberNet Limited,Commercial,1
SME Clients,Commercial,1
K.B.A. Imoti Ltd.,Commercial,1
Hongik University,Education,1
Internet Bolaget Sverige AB,Commercial,1
Augusta University,Education,1
Black & Veatch International Company,Commercial,1
Skynet Broadband,Commercial,1
AGSM Lighting SRL,Commercial,1
ACL,Commercial,1
Net 4 U Service,Commercial,1
Leipziger Verlags- und Druckereigesellschaft mbH Co. KG,Commercial,1
Address Assignments for Corporate Clients Requiring Additional IP Resources,Commercial,1
AstraZeneca PLC,Commercial,1
Panserve Limited,Commercial,1
Kwame Nkrumah University of Science and Technology,Education,1
DIS Research Ltd.,Commercial,1
StarGate Communications Ltd.,Commercial,1
University of Michigan Information and Technology Services,Education,1
Integral Systems Europe,Commercial,1
IconTechNext,Commercial,1
Zac Trajectoire - 8 Avenue Ernest Boffa,Commercial,1
Hochschule Stralsund,Education,1
Loparex,Commercial,1
The Education University of Hong Kong,Education,1
Public IP Addresses Assigned to Clients,Commercial,1
Round Rock Independent School District,Education,1
Lake Travis Isd,Organization,1
RF Engineering,Commercial,1
A1 Slovenija,Commercial,1
Roehampton University,Education,1
Uninet server hotel,Commercial,1
Harper Adams University,Education,1
Falmouth University,Education,1
Menlo Security Inc.,Commercial,1
Operations & Compliance Network LLC,Commercial,1
PCCW IMS Ltd,Commercial,1
Hilton Fort Lauderdale Beach Res,Commercial,1
Guest-Tek Interactive Enterta,Commercial,1
Comenius University in Bratislava,Education,1
Prince William County Public Schools,Education,1
Mariusz Chmielewski Trading as Netfala,Commercial,1
Conexao Servicos de Comunicacao Multimidia Ltda-ME,Commercial,1
Grayson Collin Communications,Commercial,1
Ismael Stroher & Cia. Ltda. - ME,Commercial,1
Certto Telecomunicacoes Ltda Epp.,Commercial,1
Nternet Harbour International Co.Limited,Commercial,1
6th & Elm LLC,Commercial,1
ANNEX,Commercial,1
7F World Peace Center 55 Wo Tong Tsui St Kwai Chung,Commercial,1
UT Tyler,Commercial,1
JSC Elektrosvyaz,Commercial,1
Ensync Business Solutions (Pty)LTD,Commercial,1
Studenten Internet BVBA,Commercial,1
Execution Noble Ltd,Commercial,1
Brabit AB,Commercial,1
PHPOP,Commercial,1
Premium Customers Ether,Commercial,1
York St John University,Education,1
PPTIK - Universitas Gadjah Mada.,Education,1
Indian Institute of Engineering Science and Technology Shibpur,Education,1
Sebastiao Eustaquio Coleho,Commercial,1
Interfast Panama S.A.,Commercial,1
W M Dodgson,Commercial,1
BARC Connects,Commercial,1
Blueprint Automation - Longmont Co Colorful Ave,Commercial,1
Parknet F.M.B.A,Commercial,1
PJSC Industrial Media Network,Commercial,1
Wasp SA Data,Commercial,1
Feedback Interactive Systems Italia SRL,Commercial,1
Universitaet Bern,Education,1
The University of Cape Coast,Education,1
The University of Strathclyde,Education,1
Mobifone Service Company Region,Commercial,1
Northwest Tri-County IU,Organization,1
iTalkBB Australia Pty Ltd,Commercial,1
innogy SE,Commercial,1
Trinity Laban Conservatoire of Music and Dance,Education,1
2 3rd Mile Square,Commercial,1
KCable Communication Pvt. Ltd.,Commercial,1
Ferrari-Networks S.a.r.l.,Commercial,1
Tafe SA,Education,1
Fundacao Carlos Chagas Filho de Amparo a Pesquisa,Education,1
Fondazione Onaosi,Commercial,1
The English and Foreign Languages University Hyderabad,Education,1
RackIP Consultancy Pte. Ltd.,Commercial,1
Zurich University of Applied Sciences,Education,1
Datacenter Milagro,Commercial,1
Pawel Kosiorowski Trading as Res.pl Kosiorowski Wisniowski SP.J.,Commercial,1
I-Site Co. Ltd.,Commercial,1
Mawingu Nat Pool,Commercial,1
The Department of Jobs and Small Business,Government,1
F Bit Networks Corp.,Commercial,1
Xinerdianqi,Commercial,1
Nignet Iletisim Telekominikasyon Hizmetleri,Commercial,1
Ccer Megafood Ventures McDonalds,Commercial,1
City Wide Communications Inc.,Commercial,1
Zantaz,Commercial,1
Flip TV Services Pty Ltd,Commercial,1
htcnet.org,Organization,1
Ltd Digital Dialogue-T,Commercial,1
AVAST Software,Commercial,1
iClick Telecom,Commercial,1
Starbucks Corp,Commercial,1
Wang Tai Campus of Ningxia University,Education,1
Dot Com Solutions Inc,Commercial,1
Iway Telecom Sociedad Anonima Cerrada,Commercial,1
IP Licensing Group,Commercial,1
Hq Global Workplaces,Commercial,1
Chowan University,Education,1
Brainlink International Inc.,Commercial,1
Patriot Rentals LLC,Commercial,1
Ascension Technologies,Commercial,1
Dedalos Sarl,Commercial,1
Sig/Dutch Centre for Health Care Information,Government,1
Sitios GmbH over Netcom BW,Commercial,1
Eastern Cranial Affls,Commercial,1
Fiber Services Inc.,Commercial,1
Felix Payern,Commercial,1
Ovis IT Consulting GmbH,Commercial,1
Tipmont Rural Electric Membership Corporation,Organization,1
"Xi'An Xiu Si Dun Xiu Xian Space",Commercial,1
WeatherCity Services,Commercial,1
Teleium SA,Commercial,1
New Jersey United States,Commercial,1
4Brands Reply,Commercial,1
Sayed Farhad Ahmed t/a Aamra Management Solution,Commercial,1
F.C.G. & More SRL,Commercial,1
NextiraOne Czech s.r.o.,Commercial,1
Computer Center,Education,1
Sifi Online Pvt Ltd,Commercial,1
GSL Networks Pty Ltd,Commercial,1
De La Salle - College of Saint Benilde,Education,1
Thamizhaga Internet Communications Private Limited,Commercial,1
Powai,Education,1
Occom Pty Ltd,Commercial,1
Holmesglen Institute of Tafe,Education,1
Hang Seng Management College,Education,1
Srit India Pvt Ltd,Commercial,1
Universitas Negeri Semarang,Education,1
Telnet Telecommunication Limited,Commercial,1
Universitas Pendidikan Indonesia,Education,1
Proline Datatech Services Pvt. Ltd.,Commercial,1
Acebrowse Private Ltd,Commercial,1
Metro Telecommunications,Commercial,1
Indraprastha Institute of Information Technology Delhi,Education,1
Kabankalancatvinc PH,Commercial,1
Thien Quang Digital technology joint stock company,Commercial,1
Universitas Negeri Surabaya,Education,1
Speednet Unique Network Pvt Ltd,Commercial,1
University Malaysia Perlis,Education,1
PT Mitra Solusi Telematika,Commercial,1
Apace Internet Pvt Ltd,Commercial,1
Deepak Network,Commercial,1
Adelaide Airport Limited,Commercial,1
Roke Manor Research Limited,Commercial,1
Alacriy Net System Service Private Limited,Commercial,1
BAS network,Commercial,1
Phazippo Utama,Commercial,1
Iqtera Communication Pvt Ltd,Commercial,1
Gold Fields Australia Pty Ltd,Commercial,1
Room L1-29 Mirror Tower 61 Mody Road Tsim Sha Tsui East,Commercial,1
Airconnet Internet Services Pvt Ltd,Commercial,1
Sky Systems Ltd,Education,1
Interphone Pty Ltd,Commercial,1
Allied IT Infrastructure and Services Pvt Ltd,Commercial,1
Fastway Space Satellite Pvt. Ltd.,Commercial,1
Ability Networks,Commercial,1
QiHU 360 Inc.,Commercial,1
HTC International telecommunication joint stock company,Commercial,1
NSP Electronics Limited,Commercial,1
Data Com Network71 Pvt Ltd,Commercial,1
UWBA Pty Ltd,Commercial,1
Dl Media Private Limited,Commercial,1
Sanhati Infocom Services Private Limited,Commercial,1
Potomac Asset Management,Commercial,1
Alpha Infolab Pvt Ltd,Commercial,1
Third Eye Vision,Commercial,1
Elechservice-Grup S.R.L,Commercial,1
Harisree Cable Net Pvt Ltd,Commercial,1
Analysys Ltd,Commercial,1
NBBJ Architecture Consulting,Commercial,1
Relx RIPE IntIP,Commercial,1
Magdalena Betriebsgesellschaft mbH,Commercial,1
W Capital Investments Limited,Commercial,1
Alpine Computers,Commercial,1
ADSL NO NAT Customers,Commercial,1
Sierra Semiconductor,Commercial,1
Naesseslottet Aps,Commercial,1
Dragon Models USA,Education,1
Ministre Des Forests Govt of Quebec,Government,1
9F Silvercorp International Tower 707 Nathan Road HK,Commercial,1
CV. Cataleya Hasianina,Commercial,1
Computel,Commercial,1
PG DataNet Inc,Commercial,1
Sberbank of Russia PJSC,Commercial,1
Ocean Prosper Limited,Commercial,1
National Science Center Foundation Inc.,Government,1
Hokkaido Nippon-Ham Fighters Baseball Club,Commercial,1
PT. Manggar Media Utama,Commercial,1
Superior Home Services Inc.,Commercial,1
Qode Media,Commercial,1
Unit17 9F. Tower a New Mandrin Plaza HK,Commercial,1
CA Mi,Commercial,1
PT Biznet Multi Media,Commercial,1
VEM Solutions LLC,Commercial,1
Webcraft Found LLC,Commercial,1
Lippes Mathias Wexler Friedman LLP,Commercial,1
PT. Bersinar Jesstive Mandiri,Commercial,1
PT Yuditha Nugraha Karya,Commercial,1
Daniel Tilly,Commercial,1
Auto-Trol Technology Corporation,Commercial,1
Horizon Investment,Commercial,1
Arkoma Public Library,Education,1
Matt & Hasprich GbR,Commercial,1
The Harker School,Education,1
"Xi'An Blue Superman Net",Commercial,1
Parasol EMT Sydney Pty Ltd,Commercial,1
All Saints CE School,Education,1
Richard Boylan,Commercial,1
Neology Anycast DNS,Commercial,1
Banco Santander Rio SA,Commercial,1
T-Systems c/o Charles Voegele,Commercial,1
NTUC Skills Development,Commercial,1
Bloemen op Locatie,Commercial,1
Standard Microsystems Corporation,Commercial,1
"Al'Akhawayn University",Education,1
"Institut Wallon de l'Evaluation de la Prospective et de la Statistique",Education,1
BuildaClick LLC.,Commercial,1
Ypsilati Ypsilanti Dia,Commercial,1
The Kooples,Commercial,1
Josef Saule GmbH,Commercial,1
Urbanest Pty Limited,Commercial,1
PricewaterhouseCoopers LLP,Commercial,1
National Information Resources Service,Government,1
PT Jaringan Keluarga Bersama,Commercial,1
Channel Tek Enterprises (Private) Limited.,Commercial,1
Tier-1 Enterprise Datacenter in AMER-EAST,Commercial,1
Westfaelische Wilhelms-Universitaet Wwu IT,Education,1
Haridus- ja Noorteamet,Education,1
Jaytel Solutions Opc Private Limited,Commercial,1
Iver Sverige AB,Commercial,1
IED Istituto Europeo di Design S.p.A.,Education,1
Fundacion Tecnalia Research and Innovation,Education,1
Bennett University.,Education,1
"Universita' degli Studi di Milano - Bicocca",Education,1
TC Cumhurbaskanligi Idari Isler Baskanligi,Government,1
Universitatea Alexandru Ioan Cuza Din Iasi,Education,1
The Webb Schools,Organization,1
IP Allocation 1 UOE,Education,1
Uni Venezia,Education,1
Lake Highland Preparatory School,Education,1
Ridgefield Public Schools - ESCNJ,Commercial,1
Smarteye B.V,Commercial,1
The University of Hartford,Education,1
2021071914223 Enterprise Client,Commercial,1
Delaware Valley School District,Education,1
El Camino Real Charter High School,Education,1
Utah Tech University,Education,1
Drake University - IA,Education,1
Casa de Bolsa Banorte Sociedad Anonima de Capital Variable Grupo Financiero Banorte,Organization,1
Portage Schools,Commercial,1
Westminster Public Schools,Organization,1
DLER IO HK,Commercial,1
Edgevirt Operations Pty Ltd,Commercial,1
Swinburne University of Technology,Education,1
City of Vinton,Government,1
Technische Hochschule Brandenburg,Education,1
Iowa Central Community College,Education,1
International Campus GmbH,Commercial,1
Koninklijke Bibliotheek Van Belgie,Commercial,1
Weizenbaum-Institut e.V.,Education,1
AARNet Pty Ltd,Education,1
McKinsey Knowledge Center Poland Spolka Z Ograniczona Odpowiedzialnoscia,Commercial,1
Sau 85 - Sunapee School District,Education,1
WeWork International Limited,Commercial,1
The English Theatre Frankfurt gGmbH,Commercial,1
Zhejiang Lab,Commercial,1
Moody S Corporation,Commercial,1
Net 3 Link,Commercial,1
Manhattan Supply Co.co Tango,Commercial,1
ESKER c/o Synaaps,Commercial,1
Soho House and Co,Commercial,1
Orange Maha Wind Energy Pvt Ltd,Commercial,1
FR Ass Section Americaine,Commercial,1
Champions Retreat Golf Club,Commercial,1
MDI Regent Madison Hotel LLC,Commercial,1
International Materials I,Commercial,1
Stadt Sankt Augustin,Commercial,1
IIINT,Education,1